"","pos","name","team","floor_rank","ceiling_rank","tier","pos_ecr","overall_ecr","sd_pts"
"1","QB","Lamar Jackson","BAL",35,8,1,1.73,26.79,39.7366452
"2","K","Brandon Aubrey","DAL",59,54,1,1.47,186.78,0.613176011552025
"3","K","Justin Tucker","FA",67,88,1,28.67,227.41,NA
"4","TE","George Kittle","SFO",31,12,1,1.73,20.97,20.83053
"5","TE","Trey McBride","ARI",46,40,1,2.74,31.57,4.22540999999999
"6","TE","Sam LaPorta","DET",43,33,1,4.58,60.69,12.631752
"7","DST","Buffalo Bills","BUF",84,103,1,7.02,184.52,10.67472
"8","TE","Brock Bowers","LVR",150,29,1,1.53,20.35,7.07200200000001
"9","K","Greg Zuerlein","FA",71,95,2,29,NA,NA
"10","K","Jason Sanders","MIA",100,84,2,14.38,234.91,13.0197941477011
"11","DST","Baltimore Ravens","BAL",93,101,2,4.25,170.34,13.78818
"12","TE","Mark Andrews","BAL",44,56,2,5.72,70.57,1.92738000000002
"13","QB","Joe Burrow","CIN",52,20,3,4.65,46.62,34.900404
"14","WR","Malik Nabers","NYG",39,19,3,6.21,10.79,33.921888
"15","K","Cameron Dicker","LAC",79,103,3,3,193.57,0.0451700279640805
"16","K","Harrison Butker","KCC",103,105,3,8.3,217.37,7.22470979999999
"17","K","Chase McLaughlin","TBB",140,93,3,6.57,207.46,7.41699987639359
"18","K","Jake Elliott","PHI",94,119,3,11.53,228.29,4.97747113628476
"19","K","Tyler Bass","BUF",119,92,3,10.28,221.9,14.53729542
"20","K","Evan McPherson","CIN",98,116,3,9.87,215.89,1.73585398672606
"21","K","Younghoe Koo","ATL",107,107,3,14.23,240.65,2.96666803736675
"22","TE","Travis Kelce","KCC",54,39,3,7.87,87.05,11.771844
"23","DST","Dallas Cowboys","DAL",103,109,3,16.68,238.67,2.66868000000002
"24","QB","Jayden Daniels","WAS",146,17,4,3.27,33.14,22.9032048
"25","RB","Ashton Jeanty","LVR",8,22,4,6.28,14.23,4.306953
"26","RB","Kenneth Walker III","SEA",18,23,4,15.37,39.98,6.47896200000001
"27","WR","Davante Adams","LAR",34,30,4,16.34,35.27,9.547944
"28","WR","A.J. Brown","PHI",25,32,4,8.83,17,7.78365
"29","WR","Mike Evans","TBB",32,36,4,14.08,29.3,0.444779999999975
"30","K","Ka'imi Fairbairn","HOU",112,122,4,7.02,206.91,7.0999244485913
"31","K","Matt Gay","WAS",209,89,4,11.74,241.78,11.0913911407924
"32","K","Spencer Shrader","IND",128,113,4,26.83,259,14.6780990671875
"33","K","Chris Boswell","PIT",106,137,4,8.75,207.34,2.1186354
"34","K","Tyler Loop","BAL",105,145,4,13.29,236.94,1.17708908999999
"35","K","Jake Moody","SFO",116,135,4,19.57,260.62,1.35553364135592
"36","K","Brandon McManus","GBP",170,110,4,17.92,252.48,17.4210961104567
"37","DST","Philadelphia Eagles","PHI",142,82,4,3,163.55,25.79724
"38","DST","Houston Texans","HOU",111,131,4,6.23,183.53,8.30256000000001
"39","TE","David Njoku","CLE",60,98,4,8.89,93.04,3.009678
"40","TE","T.J. Hockenson","MIN",120,91,4,6.07,75.92,8.198778
"41","QB","Patrick Mahomes","KCC",37,58,5,7.3,65.11,2.78135759999996
"42","RB","James Cook","BUF",23,31,5,13.15,33.32,4.64053799999999
"43","RB","Breece Hall","NYJ",19,28,5,17.09,44.15,2.69833199999999
"44","RB","James Conner","ARI",16,43,5,18.12,47.35,1.92738000000002
"45","WR","Amari Cooper","FA",24,44,5,95.96,259.89,NA
"46","K","Daniel Carlson","LVR",124,133,5,18.17,275.19,2.16226706901789
"47","K","Wil Lutz","DEN",118,159,5,5.92,203.1,0.99927240000001
"48","K","Jake Bates","DET",194,134,5,3.64,193.8,9.22567594009714
"49","K","Matt Prater","FA",122,167,5,27.8,270.44,NA
"50","K","Jason Myers","SEA",151,114,5,20.55,277.25,5.35774205436949
"51","K","Joshua Karty","LAR",149,155,5,16.89,261.31,3.84478622033332
"52","K","Will Reichard","MIN",195,127,5,15.6,263.86,18.2915592926316
"53","DST","Denver Broncos","DEN",121,124,5,1.27,152.01,15.27078
"54","DST","Cleveland Browns","CLE",139,123,5,19.73,244.45,23.27682
"55","TE","Tyler Warren","IND",72,121,5,10.35,101.23,6.09348600000001
"56","TE","Evan Engram","DEN",83,73,5,10.69,103.44,4.25506200000001
"57","TE","Kyle Pitts","ATL",92,75,5,13.96,124.5,8.55460199999999
"58","QB","Kyler Murray","ARI",53,55,6,10.15,81,23.6593308
"59","RB","Alvin Kamara","NOS",22,37,6,18.81,48.73,5.05566599999999
"60","RB","Chase Brown","CIN",69,35,6,11,27.07,2.35733400000001
"61","RB","Gus Edwards","FA",20,68,6,100.44,315.62,NA
"62","WR","DK Metcalf","PIT",40,46,6,21.78,46.69,7.53160799999998
"63","WR","D.J. Moore","CHI",49,49,6,22.93,48.95,20.845356
"64","K","Cairo Santos","CHI",175,128,6,22.72,272.4,14.2500972675
"65","K","Cam Little","JAC",145,175,6,18.64,269.17,3.33928454132369
"66","K","Chad Ryland","ARI",241,132,6,24.22,273.75,19.030445545845
"67","DST","New York Giants","NYG",117,115,6,20.3,248.5,0.741300000000021
"68","DST","San Francisco 49ers","SFO",129,162,6,13.68,222.89,4.29953999999999
"69","TE","Dallas Goedert","PHI",82,102,6,13.98,123.05,11.608758
"70","TE","Jake Ferguson","DAL",101,97,6,16.34,142.33,1.61603399999998
"71","TE","Juwan Johnson","NOS",126,126,6,28.8,246.07,14.30709
"72","TE","Hunter Henry","NEP",103,158,6,17.25,149.08,5.58940200000001
"73","TE","Dalton Kincaid","BUF",102,165,6,14.01,122.75,4.34401800000001
"74","TE","Zach Ertz","WAS",182,103,6,19.16,166.14,33.50676
"75","QB","Brock Purdy","SFO",65,67,7,12.31,94.07,23.1997248
"76","RB","David Montgomery","DET",28,34,7,22.21,57.45,2.01633599999998
"77","RB","D'Andre Swift","CHI",29,70,7,22.73,59.66,7.35369600000001
"78","RB","Zack Moss","FA",27,85,7,90.98,302.07,NA
"79","RB","Bucky Irving","TBB",263,27,7,9.74,22.84,9.47381399999998
"80","RB","Chuba Hubbard","CAR",45,60,7,18.03,46.82,9.97789799999998
"81","WR","Marvin Harrison Jr.","ARI",42,66,7,18.63,39.99,2.37215999999999
"82","WR","Tee Higgins","CIN",125,38,7,13.39,27.98,29.815086
"83","WR","DeVonta Smith","PHI",55,61,7,26.71,58.01,18.5325
"84","WR","George Pickens","DAL",56,51,7,25.9,57.29,2.84659199999998
"85","WR","Zay Flowers","BAL",48,74,7,26.59,57.22,1.45294800000003
"86","WR","Ladd McConkey","LAC",168,45,7,11.95,23.88,15.878646
"87","WR","Terry McLaurin","WAS",58,79,7,19.72,42.51,3.48411000000003
"88","K","Blake Grupe","NOS",164,168,7,25.1,269,4.05182599393938
"89","DST","New York Jets","NYJ",143,141,7,15.41,210.21,14.0847
"90","TE","Dalton Schultz","HOU",134,125,7,27.99,236.02,17.168508
"91","TE","Tucker Kraft","GBP",216,136,7,9.22,94.45,9.53311800000001
"92","TE","Darren Waller","MIA",123,178,7,31.19,254.99,7.50195599999999
"93","QB","Baker Mayfield","TBB",109,69,8,8.43,72.11,19.8105012
"94","QB","Dak Prescott","DAL",68,100,8,11.11,87.47,12.1780764
"95","RB","Omarion Hampton","LAC",38,64,8,15.14,40.28,18.717825
"96","RB","Joe Mixon","HOU",51,52,8,33.93,92.82,28.554876
"97","RB","Aaron Jones","MIN",36,96,8,26.24,68.47,4.15128000000002
"98","RB","TreVeyon Henderson","NEP",33,99,8,19.32,50.98,4.14386699999998
"99","WR","Deebo Samuel","WAS",66,41,8,37.73,88.86,1.527078
"100","WR","Jameson Williams","DET",63,87,8,22.49,48.3,10.659894
"101","WR","Garrett Wilson","NYJ",61,94,8,18.44,39.81,9.13281600000004
"102","WR","Jaxon Smith-Njigba","SEA",113,77,8,15.6,33.4,6.03418200000003
"103","WR","Calvin Ridley","TEN",57,117,8,25.98,56.84,2.46111599999999
"104","WR","Xavier Worthy","KCC",192,47,8,25.06,54.33,38.503122
"105","WR","Jakobi Meyers","LVR",70,111,8,41.45,99.36,9.93341999999998
"106","K","Anders Carlson","FA",167,209,8,NA,NA,NA
"107","K","Eddy Pineiro","FA",179,219,8,30,242.25,NA
"108","K","Nick Folk","NYJ",193,207,8,28.28,NA,5.048253
"109","DST","Pittsburgh Steelers","PIT",132,138,8,4.3,168.57,11.41602
"110","TE","Isaiah Likely","BAL",130,166,8,19.71,166.38,6.879264
"111","TE","Colston Loveland","CHI",131,206,8,14.8,131.67,4.114215
"112","TE","Cade Otton","TBB",160,202,8,24.04,206.19,2.34250799999998
"113","TE","Jonnu Smith","PIT",206,170,8,18.66,157.6,22.861692
"114","TE","Pat Freiermuth","PIT",154,220,8,24.74,211.63,3.40998
"115","TE","Chigoziem Okonkwo","TEN",155,213,8,24.35,211.58,5.02601399999998
"116","QB","Bo Nix","DEN",163,83,9,8.69,74.11,13.8682404
"117","QB","Jordan Love","GBP",95,103,9,16.23,111,12.2106936
"118","QB","Caleb Williams","CHI",73,156,9,13.95,100.98,2.05488359999995
"119","QB","Jared Goff","DET",74,154,9,15.05,103.59,0.785777999999959
"120","RB","Tony Pollard","TEN",41,78,9,23.9,62.55,13.536138
"121","RB","Isiah Pacheco","KCC",91,48,9,24.33,63.1,49.993272
"122","WR","Courtland Sutton","DEN",78,106,9,22.97,49.1,5.76731400000002
"123","WR","Jaylen Waddle","MIA",80,71,9,29.6,66.77,11.504976
"124","WR","Jayden Reed","GBP",86,108,9,39.76,94.47,18.428718
"125","WR","Stefon Diggs","NEP",99,59,9,42.31,101.7,4.89258000000002
"126","WR","Jordan Addison","MIN",90,118,9,38.63,91.1,18.324936
"127","K","Greg Joseph","FA",188,226,9,39,NA,NA
"128","K","Brayden Narveson","FA",199,237,9,NA,NA,NA
"129","K","Graham Gano","NYG",210,224,9,25.36,265,1.65309899999999
"130","K","Andres Borregales","NEP",211,232,9,27.11,NA,3.63039320000001
"131","DST","Green Bay Packers","GBP",176,112,9,12.46,204.32,25.64898
"132","TE","Cole Kmet","CHI",229,104,9,32.41,255.95,27.87288
"133","TE","Tyler Higbee","LAR",187,189,9,36.68,286.41,9.02903399999999
"134","TE","Noah Fant","CIN",200,231,9,38.04,292.57,1.03782
"135","TE","Robbie Ouzts","SEA",171,248,9,89.83,NA,0
"136","QB","Justin Herbert","LAC",89,149,10,13.99,99.72,7.97638799999999
"137","RB","RJ Harvey","DEN",47,142,10,23.84,64.33,6.22692
"138","RB","Travis Etienne","JAC",103,42,10,34.57,95.08,9.62207400000001
"139","RB","Kaleb Johnson","PIT",64,181,10,28.29,77.04,7.90967099999999
"140","RB","Ezekiel Elliott","FA",62,215,10,110,NA,NA
"141","RB","Austin Ekeler","WAS",76,157,10,46.27,133.91,15.582126
"142","WR","Cooper Kupp","SEA",108,62,10,48.36,120.34,5.29288200000001
"143","WR","Keon Coleman","BUF",88,103,10,48.44,120.31,0.0741300000000168
"144","WR","Michael Pittman","IND",103,139,10,50.14,126.19,10.97124
"145","WR","Chris Olave","NOS",135,65,10,35.99,84.06,25.115244
"146","WR","Tetairoa McMillan","CAR",81,161,10,26.75,59,6.93856799999999
"147","WR","Travis Hunter","JAC",77,180,10,33.07,74.74,0.526322999999995
"148","WR","Matthew Golden","GBP",85,174,10,42.62,102.4,4.21058399999999
"149","WR","Chris Godwin","TBB",110,148,10,46.2,114.31,11.727366
"150","WR","Rashee Rice","KCC",97,171,10,34.49,80.23,2.28320400000001
"151","K","Joey Slye","TEN",259,216,10,29,NA,8.24355959486313
"152","DST","Indianapolis Colts","IND",136,146,10,25.16,249.63,8.59908
"153","DST","Los Angeles Chargers","LAC",166,151,10,12.7,195.46,13.93644
"154","TE","Mason Taylor","NYJ",172,249,10,26.79,228.81,0.214976999999994
"155","TE","Mike Gesicki","CIN",223,230,10,23.99,208.94,6.049008
"156","TE","Tyler Conklin","LAC",220,239,10,38.68,300.58,3.85475999999999
"157","TE","Will Dissly","LAC",202,250,10,41.09,308.2,4.4478
"158","TE","Foster Moreau","NOS",233,229,10,49.83,347.67,13.04688
"159","QB","C.J. Stroud","HOU",103,144,11,18.1,118.79,10.3366872
"160","QB","Trevor Lawrence","JAC",115,184,11,17.4,115.97,1.28096640000001
"161","QB","Geno Smith","LVR",162,204,11,24.23,165.8,7.79847599999999
"162","QB","J.J. McCarthy","MIN",157,188,11,18.88,125.94,20.0729214
"163","QB","Daniel Jones","IND",237,152,11,29.54,262.01,26.153064
"164","QB","Justin Fields","NYJ",522,76,11,12.35,97.1,32.231724
"165","RB","Rhamondre Stevenson","NEP",96,103,11,37.97,106.53,11.608758
"166","RB","Jacory Croskey-Merritt","WAS",104,191,11,42.54,121.26,22.038849
"167","RB","Jaylen Warren","PIT",127,194,11,32.62,88.67,14.277438
"168","RB","Rachaad White","TBB",144,72,11,47.18,137.09,13.180314
"169","RB","Najee Harris","LAC",147,63,11,42.91,121.85,2.683506
"170","RB","Javonte Williams","DAL",159,120,11,37.22,105.16,28.199052
"171","RB","Quinshon Judkins","CLE",87,233,11,41.18,118.25,7.568673
"172","WR","Jerry Jeudy","CLE",231,140,11,36.6,85.25,1.438122
"173","WR","Emeka Egbuka","TBB",114,183,11,39.49,94.5,9.02162100000001
"174","WR","Keenan Allen","LAC",181,90,11,63.36,159.41,20.53401
"175","WR","Christian Kirk","HOU",189,130,11,55.44,143.11,32.127942
"176","K","Dustin Hopkins","CLE",252,195,11,29.52,NA,16.2257195306367
"177","WR","Rashid Shaheed","NOS",138,201,11,52.42,132.1,3.06898200000001
"178","DST","Kansas City Chiefs","KCC",133,187,11,9.05,187.34,5.9304
"179","DST","Chicago Bears","CHI",137,163,11,18.98,274.13,0.7413
"180","TE","Brenton Strange","JAC",362,192,11,21.11,184.59,10.615416
"181","TE","Theo Johnson","NYG",309,228,11,31.35,258.95,10.778502
"182","QB","Tua Tagovailoa","MIA",152,203,12,22.13,141.2,15.1640328
"183","RB","Jonathon Brooks","CAR",75,251,12,110.93,337.33,NA
"184","RB","Jordan Mason","MIN",156,240,12,31.71,86.56,9.04385999999999
"185","WR","Brandon Aiyuk","SFO",222,57,12,52.23,132.09,19.021758
"186","WR","Khalil Shakir","BUF",148,225,12,45.86,112.6,2.683506
"187","WR","Rome Odunze","CHI",218,193,12,34.85,80.24,10.037202
"188","DST","Detroit Lions","DET",178,160,12,10.14,188.35,19.2738
"189","K","Riley Patterson","FA",243,267,12,NA,NA,NA
"190","WR","Adam Thielen","CAR",186,223,12,67.74,182.02,7.56126000000001
"191","WR","Romeo Doubs","GBP",212,197,12,62.39,164.92,23.27682
"192","WR","Jauan Jennings","SFO",282,186,12,40.6,97.08,5.41149000000001
"193","WR","Christian Watson","GBP",305,80,12,102.67,282.86,67.962384
"194","WR","Josh Downs","IND",225,196,12,48.18,120.15,24.477726
"195","WR","Rashod Bateman","BAL",250,169,12,55.4,142.13,37.95456
"196","K","Cade York","CIN",254,280,12,NA,NA,NA
"197","TE","Donald Parham","PIT",203,264,12,NA,NA,NA
"198","TE","Brevin Jordan","HOU",228,287,12,NA,NA,NA
"199","TE","Logan Thomas","FA",230,292,12,NA,NA,NA
"200","TE","Noah Gray","KCC",251,276,12,33.89,270.28,2.609376
"201","TE","Luke Musgrave","GBP",281,214,12,45.23,336.76,8.999382
"202","QB","Matthew Stafford","LAR",165,254,13,24.41,165.41,1.71981599999999
"203","RB","Raheem Mostert","LVR",269,50,13,74.79,251.09,55.137894
"204","RB","Nick Chubb","HOU",177,256,13,48.21,143.23,1.77912000000003
"205","RB","Tyrone Tracy","NYG",380,185,13,29.46,77.36,12.89862
"206","RB","Tyjae Spears","TEN",161,208,13,45.03,130.36,3.58789199999998
"207","RB","Zamir White","LVR",366,81,13,98.57,320.11,106.317246
"208","DST","Minnesota Vikings","MIN",183,177,13,5.34,174.46,7.85778000000002
"209","RB","Jerome Ford","CLE",196,172,13,52.75,155.33,11.682888
"210","RB","J.K. Dobbins","DEN",184,255,13,36.94,104.1,13.78818
"211","DST","Cincinnati Bengals","CIN",158,198,13,26.43,267.86,7.26473999999997
"212","WR","Ricky Pearsall","SFO",416,143,13,35.44,82.24,28.080444
"213","WR","Marvin Mims","DEN",190,235,13,56.93,147.44,10.67472
"214","WR","Quentin Johnston","LAC",242,210,13,66.99,180.64,20.90466
"215","K","NA NA",NA,255,281,13,NA,NA,NA
"216","WR","Darnell Mooney","ATL",343,173,13,49.92,124.91,24.700116
"217","WR","Diontae Johnson","CLE",289,150,13,92.2,255.82,59.563455
"218","WR","Demario Douglas","NEP",221,260,13,68.01,184.85,4.00302
"219","WR","Marquise Brown","KCC",214,261,13,64.02,170.08,6.997872
"220","TE","Elijah Arroyo","SEA",277,258,13,28.89,237.7,23.017365
"221","TE","Ja'Tavion Sanders","CAR",387,262,13,29.16,248.59,5.88592199999999
"222","TE","Michael Mayer","LVR",267,274,13,43.66,328.37,4.75914600000001
"223","TE","Dawson Knox","BUF",294,271,13,42.55,321.44,17.598462
"224","TE","AJ Barner","SEA",336,285,13,42.5,319.97,0.593039999999998
"225","TE","Josh Oliver","MIN",273,266,13,52.37,361.84,1.18608
"226","TE","Kylen Granson","PHI",392,244,13,73.38,361,45.938361
"227","TE","Austin Hooper","NEP",286,304,13,47.07,341.03,2.431464
"228","TE","Tommy Tremble","CAR",279,306,13,55.83,358.55,7.11648
"229","QB","Aaron Rodgers","PIT",226,238,14,27.63,222.65,13.9720224
"230","DST","Miami Dolphins","MIA",174,153,14,23.78,289.16,5.48562
"231","DST","Seattle Seahawks","SEA",153,190,14,11.71,200.11,4.4478
"232","RB","Zach Charbonnet","SEA",239,246,14,36.42,101.79,19.392408
"233","RB","Brian Robinson","WAS",299,129,14,46.22,128.74,43.840482
"234","RB","Tyler Allgeier","ATL",207,236,14,48.09,140.29,2.19424799999998
"235","RB","Tank Bigsby","JAC",396,221,14,36.56,101.34,43.380876
"236","WR","DeAndre Hopkins","BAL",260,179,14,70.95,192.7,28.154574
"237","WR","Joshua Palmer","BUF",224,253,14,66.07,177.38,8.36186400000002
"238","WR","Wan'Dale Robinson","NYG",219,259,14,70.53,191.21,7.72434600000001
"239","WR","Jayden Higgins","HOU",217,273,14,59.25,154.74,5.61905399999999
"240","WR","Calvin Austin III","PIT",238,234,14,83.69,232.37,6.68652600000001
"241","WR","Michael Wilson","ARI",232,263,14,77.58,214.62,11.994234
"242","WR","Alec Pierce","IND",262,212,14,72.11,196.45,14.277438
"243","WR","Xavier Legette","CAR",266,268,14,70.22,191.29,6.834786
"244","WR","Brandin Cooks","NOS",290,205,14,95.36,267.76,24.210858
"245","K","Matthew Wright","CAR",704,242,14,29.28,245.5,69.17712451125
"246","TE","Daniel Bellinger","NYG",316,275,14,65.31,360.4,23.217516
"247","TE","Terrance Ferguson","LAR",256,321,14,36.77,283.63,0.014825999999997
"248","TE","Adam Trautman","DEN",304,277,14,63.83,379,7.160958
"249","TE","Brock Wright","DET",293,283,14,66.9,361,3.083808
"250","TE","Gerald Everett","FA",272,334,14,NA,NA,NA
"251","TE","Jelani Woods","IND",314,307,14,70.6,365.67,14.60361
"252","TE","Taysom Hill","NOS",280,326,14,36.21,278.4,0.696822000000003
"253","TE","Harold Fannin","CLE",291,323,14,35.47,279.29,6.879264
"254","TE","Shane Zylstra","DET",275,337,14,99.25,NA,NA
"255","QB","Derek Carr","FA",204,286,15,NA,NA,NA
"256","QB","Bryce Young","CAR",515,247,15,22.13,144.36,8.86001760000004
"257","DST","Tampa Bay Buccaneers","TBB",169,199,15,18.11,253.42,9.19212000000002
"258","DST","Los Angeles Rams","LAR",215,164,15,12.05,204.7,22.9803
"259","DST","New Orleans Saints","NOS",185,200,15,28.73,210,7.70951999999998
"260","RB","Jaydon Blue","DAL",201,296,15,49.79,147.29,12.550209
"261","RB","Cam Skattebo","NYG",191,314,15,41.8,120.49,4.55899499999999
"262","RB","Rico Dowdle","CAR",234,252,15,54.47,158.51,13.951266
"263","RB","Dylan Sampson","CLE",205,330,15,53.2,158.21,3.92889
"264","RB","Bhayshul Tuten","JAC",235,301,15,52.51,157,21.564417
"265","WR","Tyler Lockett","TEN",236,272,15,86.99,242.63,7.04235
"266","WR","Luther Burden","CHI",227,297,15,59.05,153.4,2.46852900000001
"267","WR","Jack Bech","LVR",253,299,15,80.37,221.58,10.608003
"268","WR","Gabriel Davis","FA",240,316,15,111.47,297.66,NA
"269","WR","Cedric Tillman","CLE",458,265,15,60.3,158.42,10.60059
"270","WR","Dontayvion Wicks","GBP",308,295,15,82.14,227.95,8.30256000000001
"271","K","NA NA",NA,468,446,15,NA,NA,NA
"272","TE","Connor Heyward","PIT",326,310,15,93.33,NA,15.611778
"273","TE","Johnny Mundt","JAC",332,278,15,71.54,NA,6.938568
"274","TE","Elijah Higgins","ARI",323,294,15,56.8,373.42,7.07200199999999
"275","TE","Marcedes Lewis","FA",287,352,15,NA,NA,NA
"276","TE","Charlie Woerner","ATL",312,332,15,72.44,383,7.70952
"277","TE","Andrew Ogletree","IND",341,284,15,80.71,NA,5.33736
"278","TE","Jeremy Ruckert","NYJ",303,355,15,58.65,371.88,0.296520000000004
"279","TE","Gunnar Helm","TEN",300,354,15,48.81,341.61,1.541904
"280","TE","Jordan Akins","FA",296,362,15,NA,NA,NA
"281","TE","Josh Whyle","TEN",327,331,15,66.44,349.25,10.348548
"282","TE","Mo Alie-Cox","IND",399,303,15,78.13,377,27.561534
"283","TE","Colby Parkinson","LAR",333,329,15,67.7,362.67,9.26625
"284","TE","Oronde Gadsden","LAC",330,341,15,40.66,291.07,8.984556
"285","TE","Tanner Hudson","CIN",405,308,15,71.56,NA,26.857299
"286","TE","Luke Schoonmaker","DAL",315,364,15,52.87,361.91,1.527078
"287","TE","Lawrence Cager","WAS",351,350,15,NA,NA,4.74432
"288","TE","Grant Calcaterra","PHI",331,343,15,57.43,364.4,3.543414
"289","QB","Cam Ward","TEN",264,291,16,25.7,191.26,16.67925
"290","DST","Las Vegas Raiders","LVR",173,211,16,28.41,232.5,2.9652
"291","RB","Ray Davis","BUF",246,298,16,45.14,132.02,21.64596
"292","RB","Alexander Mattison","MIA",208,358,16,NA,NA,NA
"293","RB","Ollie Gordon","MIA",301,270,16,66.22,214.66,45.100692
"294","RB","Trey Benson","ARI",313,313,16,45.62,133.7,6.53826599999997
"295","RB","Devin Singletary","NYG",379,86,16,77.49,261.34,9.814812
"296","WR","Jalen Tolbert","DAL",276,269,16,93.05,260.53,7.24991399999999
"297","WR","Andrei Iosivas","CIN",278,309,16,82.15,227.57,4.74432
"298","WR","Tyler Boyd","FA",248,327,16,NA,NA,NA
"299","WR","Tre Harris","LAC",258,318,16,66.61,176.34,5.196513
"300","WR","Darius Slayton","NYG",268,312,16,79.24,220.24,1.88290199999999
"301","WR","Kyle Williams","NEP",274,319,16,65.89,174.77,8.465646
"302","WR","Tutu Atwell","LAR",265,322,16,98.42,273.82,0.53373600000002
"303","WR","Tory Horton","SEA",307,302,16,93.51,257.92,19.748232
"304","WR","Jalen Nailor","MIN",288,289,16,99.13,277.54,4.12162799999999
"305","WR","Nelson Agholor","FA",261,346,16,163.5,NA,NA
"306","WR","Nick Westbrook-Ikhine","MIA",311,305,16,94.43,264.58,17.020248
"307","WR","Tre Tucker","LVR",298,282,16,96.19,270.49,0.978516000000016
"308","WR","Tank Dell","HOU",590,182,16,123.1,317.44,92.36598
"309","WR","Curtis Samuel","BUF",340,320,16,121.26,335.62,4.59606000000001
"310","K","Ryan Fitzgerald","CAR",679,525,16,34.14,NA,NA
"311","TE","Durham Smythe","CHI",411,279,16,94.6,NA,15.923124
"312","TE","Hayden Hurst","FA",317,373,16,NA,NA,NA
"313","TE","Greg Dulcich","NYG",388,328,16,69.27,363.8,16.01208
"314","TE","Darnell Washington","PIT",355,339,16,61.18,369.75,8.643558
"315","TE","Payne Durham","TBB",347,361,16,73.82,NA,6.879264
"316","TE","Drew Sample","CIN",354,344,16,73.86,NA,8.213604
"317","TE","Hunter Long","JAC",361,348,16,75.8,NA,12.82449
"318","TE","Jake Briningstool","KCC",324,382,16,86,NA,0
"319","TE","Ben Sims","GBP",325,383,16,103.5,NA,NA
"320","TE","Teagan Quitoriano","ATL",353,365,16,85,NA,8.82147
"321","TE","Charlie Kolar","BAL",365,369,16,74.43,380,2.22390000000001
"322","TE","Luke Farrell","SFO",375,353,16,73.75,368,12.172146
"323","TE","MyCole Pruitt","FA",335,397,16,NA,NA,NA
"324","TE","Ben Sinnott","WAS",429,351,16,39.84,304.83,15.27078
"325","TE","Devin Culp","TBB",364,374,16,86.8,NA,7.657629
"326","TE","Gavin Bartholomew","MIN",359,379,16,86.75,NA,5.9304
"327","TE","Geoff Swaim","FA",339,409,16,NA,NA,NA
"328","TE","Tanner McLachlan","CIN",368,377,16,105.67,NA,7.301805
"329","TE","Cole Turner","WAS",344,413,16,NA,NA,NA
"330","TE","Pharaoh Brown","MIA",352,400,16,84.17,367.5,2.861418
"331","TE","John Bates","WAS",373,380,16,74.18,374.33,7.420413
"332","TE","Ian Thomas","LVR",398,378,16,84,NA,6.07866
"333","K","NA NA",NA,705,682,16,NA,NA,NA
"334","QB","Drake Maye","NEP",706,222,17,13.93,102.29,6.44337959999996
"335","DST","Washington Commanders","WAS",247,147,17,21.88,260.86,33.3585
"336","RB","Braelon Allen","NYJ",320,311,17,44.58,129.26,28.703136
"337","RB","MarShawn Lloyd","GBP",321,293,17,64.02,200.85,31.683162
"338","RB","Roschon Johnson","CHI",295,333,17,59.63,182.36,25.35246
"339","RB","Kareem Hunt","KCC",245,416,17,66.94,216.47,1.200906
"340","RB","Jamaal Williams","FA",244,423,17,NA,NA,NA
"341","RB","Antonio Gibson","NEP",338,324,17,81.41,272.12,31.8759
"342","RB","Justice Hill","BAL",283,345,17,70.63,235.21,13.803006
"343","WR","Jalen Coker","CAR",310,325,17,75.84,208.34,13.424943
"344","WR","Josh Reynolds","NYJ",292,347,17,101.49,282.92,5.1891
"345","WR","Noah Brown","WAS",318,352,17,104.97,289.58,3.7065
"346","WR","Demarcus Robinson","SFO",424,300,17,110.59,304.95,30.83808
"347","WR","Dyami Brown","JAC",319,349,17,89.06,248.52,1.18608000000001
"348","WR","Ray-Ray McCloud","ATL",500,315,17,100.54,279.43,12.112842
"349","WR","Greg Dortch","ARI",360,363,17,124.69,346.39,8.1543
"350","TE","Julian Hill","MIA",446,376,17,63,364,3.94371599999999
"351","TE","Cam Grandy","CIN",385,386,17,NA,NA,7.613151
"352","TE","Luke Lachey","HOU",377,391,17,76.89,334.67,6.37518
"353","TE","Blake Whiteheart","CLE",370,406,17,98,NA,4.796211
"354","TE","Jackson Hawes","BUF",382,392,17,82.5,NA,6.686526
"355","TE","Cade Stover","HOU",425,367,17,52.08,352.73,15.826755
"356","TE","Tanner Conner","MIA",372,407,17,86.2,NA,4.573821
"357","TE","Thomas Fidone","NYG",381,402,17,89.43,340.67,6.041595
"358","TE","Caleb Lohner","DEN",383,404,17,99.67,NA,6.00453
"359","TE","Moliki Matavao","NOS",384,405,17,98.4,NA,5.967465
"360","TE","Nate Adkins","DEN",439,372,17,95.2,NA,13.373052
"361","TE","Davis Allen","LAR",406,393,17,96.5,NA,9.014208
"362","TE","NA NA",NA,363,426,17,NA,NA,NA
"363","TE","Dallin Holker","FA",363,426,17,NA,NA,NA
"364","TE","Stone Smartt","NYJ",390,388,17,59.45,364.43,0.252042000000003
"365","TE","Giovanni Ricci","MIN",431,381,17,NA,NA,11.78667
"366","TE","Eric Saubert","SEA",395,412,17,88.57,NA,2.639028
"367","TE","Will Mallory","IND",430,387,17,90.8,NA,12.327819
"368","TE","Brevyn Spann-Ford","DAL",448,385,17,89.33,NA,11.757018
"369","TE","Ross Dwelley","FA",369,433,17,68.5,NA,NA
"370","TE","NA NA",NA,371,434,17,NA,NA,NA
"371","TE","Travis Vokolek","ARI",414,398,17,NA,NA,6.44931
"372","TE","James Mitchell","CAR",423,401,17,81.5,NA,10.615416
"373","TE","Harrison Bryant","HOU",442,390,17,74.83,382.75,12.490905
"374","TE","Kenny Yeboah","DET",376,438,17,111,NA,NA
"375","TE","Lucas Krull","DEN",394,429,17,88.71,NA,2.060814
"376","TE","Robert Tonyan","KCC",403,403,17,90.8,NA,1.31681332504741e-15
"377","TE","Jared Wiley","KCC",438,389,17,84.25,NA,9.799986
"378","TE","Brayden Willis","SFO",450,399,17,96.75,NA,12.37971
"379","TE","Mitchell Evans","CAR",386,441,17,65.63,366.09,NA
"380","TE","Quintin Morris","JAC",402,432,17,NA,NA,3.150525
"381","TE","Jaheim Bell","NEP",397,447,17,88.2,NA,NA
"382","TE","Tucker Fisk","LAC",413,436,17,94,NA,4.091976
"383","TE","Tip Reiman","ARI",404,442,17,93.13,NA,2.097879
"384","QB","Sam Darnold","SEA",521,290,18,26.04,192.56,17.9631816
"385","QB","Will Levis","TEN",350,461,18,NA,NA,NA
"386","DST","Jacksonville Jaguars","JAC",180,227,18,27.72,285.5,4.00301999999998
"387","RB","Latavius Murray","FA",249,435,18,NA,NA,NA
"388","RB","Deneric Prince","NEP",257,450,18,NA,NA,NA
"389","RB","Miles Sanders","DAL",302,414,18,67.35,220.49,12.112842
"390","RB","Kendre Miller","NOS",462,288,18,66.05,211.03,56.753928
"391","RB","Woody Marks","HOU",270,460,18,71.19,229.11,NA
"392","RB","Keaton Mitchell","BAL",297,371,18,67.83,221.96,3.143112
"393","RB","Khalil Herbert","IND",378,338,18,85.62,288.13,34.811448
"394","RB","Jaylen Wright","MIA",492,357,18,56.24,169.66,21.586656
"395","RB","Isaac Guerendo","SFO",467,370,18,50.78,150.36,20.60814
"396","RB","Ty Chandler","MIN",488,317,18,94.79,314.29,57.45075
"397","RB","D'Onta Foreman","FA",285,486,18,118.5,NA,NA
"398","WR","Jordan Whittington","LAR",306,395,18,108.8,302.47,NA
"399","WR","Brandon Johnson","PIT",322,420,18,186.75,NA,NA
"400","WR","Pat Bryant","DEN",329,424,18,83.75,230.32,NA
"401","WR","Jalen McMillan","TBB",410,396,18,78.33,206.18,1.33434
"402","WR","Dont'e Thornton","LVR",334,427,18,85.17,232.5,NA
"403","WR","Odell Beckham","FA",337,431,18,NA,NA,NA
"404","WR","Allen Lazard","NYJ",427,342,18,115.89,319.4,14.662914
"405","WR","Marquez Valdes-Scantling","SEA",527,335,18,111.24,309.62,23.05443
"406","WR","Elic Ayomanor","TEN",345,439,18,85.53,235.38,NA
"407","WR","K.J. Osborn","WAS",349,440,18,158.22,346.67,0.630105000000001
"408","WR","Kalif Raymond","DET",480,356,18,142.55,343,31.045644
"409","WR","Roman Wilson","PIT",389,437,18,90.38,252.09,5.908161
"410","TE","C.J. Uzomah","FA",401,451,18,NA,NA,NA
"411","TE","Irv Smith","HOU",409,449,18,117.5,NA,1.423296
"412","TE","Chris Manhertz","NYG",443,415,18,96.67,NA,1.393644
"413","TE","Ko Kieft","TBB",408,456,18,111,NA,NA
"414","TE","Mitchell Wilcox","MIA",408,456,18,NA,NA,NA
"415","TE","NA NA",NA,412,458,18,NA,NA,NA
"416","TE","NA NA",NA,417,464,18,NA,NA,NA
"417","TE","Erick All","CIN",420,465,18,81,NA,NA
"418","TE","NA NA",NA,421,466,18,NA,NA,NA
"419","TE","Zach Davidson","BUF",422,467,18,NA,NA,NA
"420","TE","NA NA",NA,428,468,18,NA,NA,NA
"421","TE","Nick Vannett","MIN",447,462,18,NA,NA,2.29803
"422","TE","Jack Stoll","NOS",433,470,18,106,NA,0.170499
"423","TE","David Martin-Robinson","TEN",432,471,18,102.5,NA,NA
"424","TE","Feleipe Franks","ATL",434,472,18,NA,NA,NA
"425","TE","NA NA",NA,435,474,18,NA,NA,NA
"426","TE","NA NA",NA,436,475,18,NA,NA,NA
"427","TE","Nick Muse","PHI",441,476,18,NA,NA,NA
"428","TE","John Stephens Jr.","DAL",444,478,18,165.5,NA,NA
"429","TE","Josiah Deguara","ARI",445,479,18,105.5,NA,NA
"430","TE","Tyree Jackson","WAS",449,480,18,NA,NA,NA
"431","TE","NA NA",NA,452,481,18,NA,NA,NA
"432","TE","Albert Okwuegbunam","LVR",454,482,18,NA,NA,NA
"433","TE","Anthony Firkser","FA",455,483,18,NA,NA,NA
"434","TE","NA NA",NA,455,483,18,NA,NA,NA
"435","QB","Michael Penix Jr.","ATL",709,257,19,23.18,149.9,1.87400639999997
"436","DST","Tennessee Titans","TEN",197,218,19,30.17,NA,4.44779999999998
"437","DST","New England Patriots","NEP",198,245,19,18.45,260.11,0.296520000000004
"438","RB","Ty Johnson","BUF",400,360,19,80.79,273.08,22.342782
"439","RB","Jarquez Hunter","LAR",346,443,19,72.52,240.25,17.316768
"440","RB","Trevor Etienne","CAR",374,422,19,79.7,267.24,24.625986
"441","RB","Samaje Perine","CIN",342,469,19,93.11,306.6,6.96822
"442","RB","Elijah Mitchell","KCC",358,445,19,76.09,256.97,18.799368
"443","RB","Jaleel McLaughlin","DEN",407,421,19,78.21,260.3,27.954423
"444","RB","Blake Corum","LAR",328,492,19,61.41,187.73,2.564898
"445","RB","Kenneth Gainwell","PIT",391,394,19,79.75,269.31,2.105292
"446","RB","Chris Rodriguez","WAS",459,411,19,81.73,263.07,17.924634
"447","WR","Jaylin Noel","HOU",357,454,19,83.42,230.02,NA
"448","WR","Anthony Miller","BAL",367,459,19,NA,NA,NA
"449","WR","Elijah Moore","BUF",486,366,19,98.05,274.17,29.459262
"450","WR","Olamide Zaccheaus","CHI",519,336,19,118.41,313.09,41.764842
"451","WR","Kayshon Boutte","NEP",606,368,19,95.01,265.35,13.980918
"452","WR","Jalin Hyatt","NYG",487,375,19,135.62,358.27,28.02114
"453","WR","KaVontae Turpin","DAL",418,444,19,99.56,277.31,8.784405
"454","WR","Mike Williams","FA",393,473,19,NA,NA,NA
"455","WR","Adonai Mitchell","IND",544,419,19,80.79,223.71,1.601208
"456","WR","Kendrick Bourne","NEP",473,418,19,138.17,366.25,20.104056
"457","WR","A.T. Perry","DEN",464,425,19,177.75,NA,18.124785
"458","WR","Skyy Moore","SFO",466,428,19,163.4,NA,17.427963
"459","WR","Robert Woods","PIT",482,430,19,128.3,321.07,18.695586
"460","WR","D.J. Chark","FA",415,491,19,138.33,NA,NA
"461","WR","Parker Washington","JAC",419,493,19,107.63,301.06,NA
"462","WR","Tai Felton","MIN",426,495,19,116.71,317.88,NA
"463","QB","Russell Wilson","NYG",576,359,20,29.95,263.33,41.8775196
"464","DST","Arizona Cardinals","ARI",284,176,20,19.16,270.58,26.83506
"465","RB","Tahj Brooks","CIN",348,507,20,72.06,236.65,3.232068
"466","RB","Audric Estime","DEN",463,485,20,80.23,262.85,18.68076
"467","RB","Salvon Ahmed","IND",356,518,20,162.5,NA,NA
"468","WR","Chimere Dike","TEN",437,498,20,120.39,332.88,NA
"469","WR","Zay Jones","ARI",479,463,20,125.74,338.09,12.980163
"470","WR","Jahan Dotson","PHI",496,448,20,124.54,343.75,19.266387
"471","WR","Van Jefferson","TEN",474,477,20,124.26,329.17,10.704372
"472","WR","Terrace Marshall","PHI",451,499,20,183,NA,NA
"473","WR","Isaiah Hodgins","SFO",453,500,20,NA,NA,NA
"474","WR","Treylon Burks","TEN",456,501,20,NA,NA,NA
"475","WR","Tyquan Thornton","KCC",586,384,20,141.82,374.6,39.073923
"476","WR","Justin Watson","HOU",569,408,20,173.6,NA,35.864094
"477","WR","Troy Franklin","DEN",588,417,20,99.36,276.58,35.493444
"478","WR","Ronnie Bell","DET",461,506,20,189,NA,NA
"479","WR","Cedrick Wilson","NOS",552,453,20,162.13,321,26.664561
"480","WR","Brandon Powell","FA",469,512,20,NA,NA,NA
"481","WR","KhaDarel Hodge","ATL",491,505,20,137.29,364.25,5.515272
"482","WR","JuJu Smith-Schuster","KCC",511,497,20,132.47,350.82,14.062461
"483","QB","Tyler Shough","NOS",703,538,21,33.17,300.23,18.7000338
"484","DST","Atlanta Falcons","ATL",213,241,21,24.18,282.17,6.07865999999999
"485","DST","Carolina Panthers","CAR",271,243,21,31.08,NA,18.5325
"486","RB","Emari Demercado","ARI",490,452,21,97.96,326.09,28.406616
"487","RB","Dameon Pierce","HOU",505,489,21,84.73,284.04,32.713569
"488","RB","Kyle Monangai","CHI",478,510,21,65.89,211.32,18.688173
"489","RB","Pierre Strong Jr.","CLE",495,509,21,108.33,351.73,22.112979
"490","RB","Kyle Juszczyk","SFO",485,520,21,101.15,335.27,11.8608
"491","RB","Jeffery Wilson","SFO",546,490,21,124.57,313,36.790719
"492","RB","AJ Dillon","PHI",440,557,21,87.46,295.56,0.793190999999998
"493","RB","Trey Sermon","PIT",575,484,21,108.15,335.09,40.897521
"494","RB","Cam Akers","NOS",502,516,21,90.58,299.38,21.171528
"495","RB","Royce Freeman","CHI",457,568,21,NA,NA,NA
"496","RB","Clyde Edwards-Helaire","NOS",489,526,21,109.85,352.5,14.106939
"497","RB","Devin Neal","NOS",472,543,21,74.45,247.03,8.45082
"498","RB","Malik Davis","DAL",460,584,21,152.5,NA,NA
"499","WR","Jonathan Mingo","DAL",598,457,21,141.3,367.8,29.318415
"500","WR","Jermaine Burton","CIN",514,504,21,108.36,300.06,11.408607
"501","WR","Trey Palmer","TBB",534,503,21,181.2,NA,13.914201
"502","WR","Trenton Irwin","JAC",678,455,21,202,NA,34.0998
"503","WR","Tim Patrick","DET",570,496,21,103.59,290.29,21.164115
"504","WR","Jalen Royals","KCC",494,522,21,89.48,245.06,NA
"505","WR","Isaac TeSlaa","DET",499,524,21,93.84,256.03,NA
"506","WR","Xavier Gipson","NYJ",616,488,21,163.6,NA,26.405106
"507","WR","Luke McCaffrey","WAS",529,511,21,109.55,302.7,10.341135
"508","WR","Malik Washington","MIA",629,487,21,100.8,282.08,27.265014
"509","WR","Donovan Peoples-Jones","FA",501,528,21,166,NA,NA
"510","WR","Russell Gage","SFO",501,528,21,172.6,NA,NA
"511","WR","Tyler Johnson","NYJ",597,502,21,140.11,328.2,19.933557
"512","WR","Jake Bobo","SEA",507,527,21,146.47,367.2,1.445535
"513","WR","Casey Washington","ATL",503,529,21,162.43,333,NA
"514","WR","Devaughn Vele","NOS",681,494,21,92.5,259.05,27.717207
"515","WR","Michael Gallup","WAS",506,531,21,155.73,304,NA
"516","WR","Jaylin Lane","WAS",508,532,21,114.8,309.56,NA
"517","WR","Arian Smith","NYJ",513,535,21,135.2,357.42,NA
"518","WR","Velus Jones","NOS",516,536,21,159.5,NA,NA
"519","WR","Savion Williams","GBP",517,537,21,120.06,320.1,NA
"520","WR","David Bell","CLE",602,513,21,183.17,NA,16.90164
"521","WR","Jha'Quan Jackson","TEN",520,539,21,189.5,NA,NA
"522","WR","Tylan Wallace","BAL",538,530,21,166.25,368,3.965955
"523","WR","Erik Ezukanma","MIA",523,544,21,178.75,NA,NA
"524","WR","Jamari Thrash","CLE",524,545,21,139.24,332.11,NA
"525","QB","Deshaun Watson","CLE",713,340,22,58.73,304,156.532908
"526","RB","DJ Giddens","IND",465,569,22,67.8,217.91,3.825108
"527","RB","Will Shipley","PHI",518,541,22,65.25,207.94,8.776992
"528","RB","Tyler Goodson","IND",512,508,22,108.44,349.75,8.00604
"529","RB","Emanuel Wilson","GBP",477,567,22,88.99,295.05,0.889560000000007
"530","RB","Isaiah Davis","NYJ",471,599,22,82.7,279.27,1.052646
"531","RB","Jordan James","SFO",475,600,22,80.67,271.49,1.430709
"532","RB","Chris Brooks","GBP",484,588,22,93.9,307.92,3.839934
"533","RB","Amar Johnson","GBP",470,602,22,116.5,NA,0
"534","RB","Zavier Scott","MIN",476,608,22,NA,NA,0
"535","RB","Cordarrelle Patterson","FA",476,608,22,118,343,NA
"536","RB","Ameer Abdullah","FA",481,611,22,NA,NA,NA
"537","RB","Craig Reynolds","DET",526,551,22,108.52,356.16,16.375317
"538","RB","Joshua Kelley","FA",483,619,22,NA,NA,NA
"539","RB","Sean Tucker","TBB",585,547,22,73.7,246.45,14.30709
"540","RB","Nyheim Hines","LAC",493,643,22,118.67,353,NA
"541","RB","Brashard Smith","KCC",497,649,22,79.28,260.13,NA
"542","WR","Xavier Restrepo","TEN",525,546,22,109.72,295.3,NA
"543","WR","Lil'Jordan Humphrey","NYG",620,514,22,184,NA,17.19816
"544","WR","NA NA",NA,530,549,22,NA,NA,NA
"545","WR","Mack Hollins","NEP",533,548,22,118.68,328.63,0.252042
"546","WR","River Cracraft","WAS",532,550,22,207,NA,NA
"547","WR","Chris Blair","ATL",536,554,22,168,NA,NA
"548","WR","Byron Pringle","FA",539,558,22,NA,NA,NA
"549","WR","Chris Conley","FA",542,559,22,NA,NA,NA
"550","WR","Jamal Agnew","ATL",560,542,22,NA,NA,5.092731
"551","WR","Mecole Hardman","GBP",647,521,22,167.2,NA,15.522822
"552","WR","Allen Robinson","FA",543,561,22,NA,NA,NA
"553","WR","Ja'Lynn Polk","NEP",545,563,22,NA,NA,NA
"554","WR","Braxton Berrios","HOU",682,517,22,214.67,NA,17.93946
"555","WR","Parris Campbell","FA",550,564,22,NA,NA,NA
"556","WR","Chris Moore","WAS",685,519,22,NA,NA,17.331594
"557","WR","Kyle Philips","FA",551,565,22,NA,NA,NA
"558","WR","Sterling Shepard","TBB",555,562,22,172.14,NA,1.452948
"559","WR","Xavier Hutchinson","HOU",572,555,22,142.6,328.4,3.884412
"560","WR","Jalen Brooks","DAL",617,533,22,167.8,NA,10.348548
"561","WR","KeAndre Lambert-Smith","LAC",556,571,22,112.28,297.47,NA
"562","WR","Hunter Renfrow","CAR",557,572,22,134,326.29,NA
"563","WR","Dante Pettis","NOS",600,552,22,NA,NA,6.293637
"564","WR","Bo Melton","GBP",561,574,22,193.25,NA,NA
"565","WR","Malik Heath","GBP",581,570,22,180.33,NA,1.986684
"566","WR","Devontez Walker","BAL",564,575,22,138.95,351.67,NA
"567","WR","Quez Watkins","FA",566,576,22,NA,NA,NA
"568","WR","Johnny Wilson","PHI",568,578,22,NA,NA,NA
"569","WR","Isaiah Williams","CIN",665,540,22,NA,NA,11.504976
"570","WR","DJ Turner","FA",571,580,22,NA,NA,NA
"571","WR","Irvin Charles","NYJ",573,583,22,NA,NA,NA
"572","WR","Malachi Corley","NYJ",694,534,22,147.53,334.4,13.906788
"573","WR","Tyler Scott","CHI",646,556,22,221,NA,8.539776
"574","WR","Deonte Harty","FA",579,586,22,NA,NA,NA
"575","WR","Samori Toure","CHI",580,587,22,NA,NA,NA
"576","WR","Tommy Mellott","LVR",582,590,22,60.33,NA,NA
"577","WR","Tim Jones","MIN",607,573,22,169.25,NA,3.647196
"578","WR","Xavier Weaver","ARI",583,592,22,207,NA,NA
"579","WR","Steven Sims","SEA",674,553,22,225.5,NA,9.78516
"580","WR","Jamison Crowder","FA",589,595,22,NA,NA,NA
"581","WR","Tom Kennedy","DET",591,596,22,201.33,NA,NA
"582","WR","Ben Skowronek","PIT",604,581,22,176.2,NA,2.461116
"583","WR","DeAndre Carter","CLE",669,560,22,166.2,301.5,8.947491
"584","WR","Derius Davis","LAC",608,585,22,163.25,381,2.327682
"585","WR","John Metchie","PHI",601,589,22,119.64,317.69,1.682751
"586","WR","Charlie Jones","CIN",619,579,22,162,NA,3.832521
"587","WR","David Moore","CAR",609,594,22,166.71,377.5,1.957032
"588","QB","Joe Flacco","CLE",707,691,23,31.99,285.65,1.77318960000002
"589","RB","Sincere McCormick","LVR",498,651,23,88.97,292.29,NA
"590","RB","Carson Steele","KCC",549,603,23,110.69,338,9.19212
"591","RB","Alec Ingold","MIA",537,622,23,114.73,367.29,8.065344
"592","RB","Jeremy McNichols","WAS",535,593,23,112.78,357.83,1.319514
"593","RB","Chase Edmonds","FA",504,663,23,NA,NA,NA
"594","RB","Dare Ogunbowale","HOU",554,610,23,117.36,349.71,11.757018
"595","RB","Damien Martinez","SEA",509,664,23,88.62,295.59,NA
"596","RB","Ronnie Rivers","LAR",531,658,23,131.89,364,4.773972
"597","RB","Kalel Mullings","TEN",510,665,23,98.86,327.55,NA
"598","RB","Hassan Haskins","LAC",558,642,23,120.13,360.25,9.814812
"599","RB","C.J. Ham","MIN",540,660,23,124,371.33,4.091976
"600","RB","Israel Abanikanda","GBP",553,662,23,145.33,NA,6.130551
"601","RB","Isaiah Spiller","FA",528,671,23,NA,NA,NA
"602","RB","Raheem Blackshear","CAR",548,666,23,136,NA,3.92889
"603","RB","Patrick Ricard","BAL",563,661,23,129.6,348,7.850367
"604","RB","Avery Williams","PHI",636,631,23,152,NA,16.486512
"605","RB","Michael Burton","DEN",621,655,23,122.4,361.5,9.014208
"606","RB","Michael Carter","ARI",541,676,23,123.2,362.25,NA
"607","RB","Kimani Vidal","LAC",624,652,23,89.74,294.34,13.840071
"608","RB","D'Ernest Johnson","BAL",649,647,23,114.29,348,14.97426
"609","RB","Boston Scott","FA",547,678,23,NA,NA,NA
"610","RB","Deuce Vaughn","DAL",574,670,23,122.67,346.5,5.300295
"611","RB","Hunter Luepke","DAL",593,672,23,128.43,346.5,5.989704
"612","RB","Travis Homer","CHI",578,675,23,136.33,NA,3.965955
"613","WR","Scotty Miller","PIT",637,582,23,159.2,NA,4.418148
"614","WR","Marquise Goodwin","FA",603,601,23,NA,NA,NA
"615","WR","Simi Fehoko","ARI",692,566,23,168.4,NA,9.392271
"616","WR","Trent Sherfield","DEN",670,577,23,174,NA,6.011943
"617","WR","Maurice Alexander","CHI",651,591,23,NA,NA,4.106802
"618","WR","Tez Johnson","TBB",613,605,23,116.55,306.24,NA
"619","WR","Kendric Pryor","CIN",614,606,23,NA,NA,NA
"620","WR","Jordan Watkins","SFO",615,607,23,137.96,345.7,NA
"621","WR","Ashton Dulin","IND",673,597,23,156.5,NA,4.581234
"622","WR","Austin Trammell","JAC",623,612,23,174,NA,NA
"623","WR","Dax Milne","FA",625,613,23,NA,NA,NA
"624","WR","Bryce Oliver","TEN",626,614,23,NA,NA,NA
"625","WR","Cody White","SEA",628,615,23,NA,NA,NA
"626","WR","NA NA",NA,630,616,23,NA,NA,NA
"627","WR","Devin Duvernay","CHI",660,604,23,197,NA,2.134944
"628","WR","Brycen Tremayne","CAR",640,621,23,199.5,NA,NA
"629","WR","Ihmir Smith-Marsette","NYG",695,598,23,185.33,NA,6.22692
"630","WR","Kristian Wilkerson","BUF",642,623,23,NA,NA,NA
"631","WR","Rakim Jarrett","TBB",644,624,23,193.67,NA,NA
"632","WR","Ainias Smith","PHI",645,625,23,174.4,NA,NA
"633","WR","Bryce Ford-Wheaton","NYG",648,627,23,NA,NA,NA
"634","WR","Britain Covey","LAR",664,620,23,NA,NA,1.089711
"635","WR","Ryan Flournoy","DAL",654,628,23,192,NA,0.252042
"636","WR","Elijah Cooks","PHI",653,629,23,209,NA,NA
"637","WR","Laviska Shenault","BUF",680,617,23,202,NA,1.816185
"638","WR","Trishton Jackson","ARI",687,609,23,NA,NA,3.165351
"639","WR","Deven Thompkins","FA",656,630,23,NA,NA,NA
"640","WR","Isaiah McKenzie","FA",658,632,23,NA,NA,NA
"641","WR","Nick Nash","ATL",661,633,23,169.6,NA,NA
"642","WR","Mitchell Tinsley","CIN",662,634,23,119,NA,NA
"643","WR","Rondale Moore","MIN",666,635,23,NA,NA,NA
"644","WR","Anthony Gould","IND",668,636,23,186.75,NA,NA
"645","WR","Jacob Cowing","SFO",675,637,23,131.16,346.06,NA
"646","WR","Kameron Johnson","TBB",676,638,23,NA,NA,NA
"647","WR","Dareke Young","SEA",697,618,23,241,NA,3.387741
"648","WR","Kevin Austin","NOS",683,639,23,196,NA,NA
"649","WR","Dee Eskridge","MIA",699,626,23,198.2,NA,3.224655
"650","WR","Michael Woods","FA",684,640,23,172,NA,NA
"651","WR","Zach Pascal","NYG",686,641,23,206.25,NA,NA
"652","WR","Isaiah Neyor","GBP",686,641,23,NA,NA,NA
"653","WR","Jimmy Horn","CAR",688,644,23,135.38,344.2,NA
"654","WR","Dez Fitzpatrick","LAC",689,645,23,NA,NA,NA
"655","WR","Bub Means","NOS",690,646,23,155,291,NA
"656","WR","Javon Baker","NEP",691,648,23,152.29,301,NA
"657","WR","NA NA",NA,691,648,23,NA,NA,NA
"658","WR","LaJohntay Wester","BAL",693,650,23,174,NA,NA
"659","WR","Nikko Remigio","KCC",696,653,23,219,NA,NA
"660","WR","Danny Gray","FA",698,654,23,NA,NA,NA
"661","WR","Brenden Rice","LAC",700,656,23,NA,NA,NA
"662","WR","Ramel Keyton","FA",701,657,23,NA,NA,NA
"663","WR","Andy Isabella","FA",702,659,23,NA,NA,NA
"664","WR","Jalen Cropper","DAL",702,659,23,NA,NA,NA
"665","QB","Anthony Richardson","IND",714,217,24,31.46,275.25,60.6116532
"666","RB","Zonovan Knight","NYJ",605,668,24,NA,NA,7.828128
"667","RB","Darrynton Evans","BUF",596,673,24,NA,NA,6.026769
"668","RB","Julius Chestnut","TEN",559,680,24,118.58,361.5,0.785778
"669","RB","Eric Gray","NYG",584,677,24,132.63,NA,3.773217
"670","RB","Jase McClellan","TBB",618,667,24,109.33,338,9.11799
"671","RB","Marlon Mack","FA",562,684,24,NA,NA,NA
"672","RB","Patrick Taylor","SFO",633,669,24,NA,NA,9.6369
"673","RB","Jordan Mims","TEN",595,679,24,NA,NA,3.995607
"674","RB","LeQuint Allen","JAC",565,685,24,102.81,324.35,NA
"675","RB","Frank Gore Jr.","BUF",567,686,24,125.5,389.5,NA
"676","RB","Kenny McIntosh","SEA",587,681,24,NA,NA,2.083053
"677","RB","Rasheen Ali","BAL",594,683,24,129,361,2.038575
"678","RB","Gary Brightwell","CIN",577,687,24,142,NA,NA
"679","RB","Trayveon Williams","CLE",641,674,24,131.8,NA,8.221017
"680","RB","NA NA",NA,592,688,24,NA,NA,NA
"681","RB","Keaontay Ingram","KCC",599,690,24,148,NA,NA
"682","RB","NA NA",NA,599,690,24,NA,NA,NA
"683","RB","Mike Boone","MIA",610,693,24,NA,NA,NA
"684","RB","Terrell Jennings","NEP",611,694,24,125.33,NA,NA
"685","RB","Velus Jones","NOS",612,695,24,159.5,NA,NA
"686","RB","DeeJay Dallas","ARI",622,692,24,128.67,368.67,1.156428
"687","RB","JaMycal Hasty","NEP",655,689,24,NA,NA,3.447045
"688","RB","Deon Jackson","DET",627,697,24,NA,NA,NA
"689","RB","Robbie Ouzts","SEA",631,699,24,89.83,NA,NA
"690","RB","Scott Matlock","LAC",632,700,24,NA,NA,NA
"691","RB","Dylan Laube","LVR",634,698,24,124.89,345.5,0.0741300000000001
"692","RB","NA NA",NA,635,701,24,NA,NA,NA
"693","RB","NA NA",NA,635,701,24,NA,NA,NA
"694","RB","Elijah Dotson","ATL",671,696,24,148,NA,2.66868
"695","RB","Carlos Washington","ATL",638,702,24,114.8,359,NA
"696","RB","Raheim Sanders","LAC",639,703,24,98.5,315.84,NA
"697","RB","Jaret Patterson","LAC",643,704,24,145,NA,NA
"698","RB","Reggie Gilliam","BUF",643,704,24,145.5,NA,NA
"699","RB","Tyrion Davis-Price","GBP",643,704,24,145.5,NA,NA
"700","RB","Lan Larison","NEP",643,704,24,NA,NA,NA
"701","RB","Phil Mafah","DAL",650,705,24,93.87,303.14,NA
"702","RB","Tyler Badie","DEN",650,705,24,118.83,375.5,NA
"703","RB","Adam Prentice","DEN",650,705,24,NA,NA,NA
"704","RB","George Holani","SEA",652,706,24,120,369.33,NA
"705","RB","Keilan Robinson","PHI",657,707,24,143.25,NA,NA
"706","RB","Sione Vaki","DET",659,708,24,119.7,345.2,NA
"707","RB","Blake Watson","DEN",659,708,24,150.67,NA,NA
"708","RB","NA NA",NA,663,709,24,NA,NA,NA
"709","RB","Troy Hairston","FA",667,710,24,133.5,NA,NA
"710","RB","Jonathan Ward","NYG",672,711,24,NA,NA,NA
"711","RB","Dante Miller","NYG",677,712,24,152.5,NA,NA
"712","RB","British Brooks","HOU",677,712,24,157,NA,NA
"713","RB","Zach Evans","FA",677,712,24,NA,NA,NA
"714","RB","Myles Gaskin","BAL",677,712,24,NA,NA,NA
"715","RB","DeWayne McBride","FA",677,712,24,NA,NA,NA
"716","QB","Spencer Rattler","NOS",708,714,25,35.98,319.94,1.9110714
"717","QB","Kirk Cousins","ATL",747,410,26,39.62,339.53,1.6634772
"718","QB","Gardner Minshew","KCC",730,515,27,50.29,350,1.4796348
"719","QB","Trey Lance","LAC",745,523,28,63.43,NA,1.541904
"720","QB","Desmond Ridder","CIN",710,721,28,NA,NA,NA
"721","QB","Jacoby Brissett","ARI",721,713,29,52.36,360.5,4.8006588
"722","QB","Tommy DeVito","NYG",711,724,29,84,NA,NA
"723","QB","Jalen Milroe","SEA",712,720,30,37.3,325.29,17.680005
"724","QB","Jaxson Dart","NYG",716,719,30,32.91,302.73,28.4762982
"725","QB","Jake Browning","CIN",717,716,30,48.8,368,10.6391376
"726","QB","Marcus Mariota","WAS",715,715,31,47.1,368.71,0.204598800000002
"727","QB","Dillon Gabriel","CLE",736,723,31,41.94,337.87,26.4214146
"728","QB","Sam Howell","MIN",728,717,31,48.08,364.75,1.275036
"729","QB","Aidan O'Connell","LVR",720,718,31,51.63,337.67,2.8258356
"730","QB","Shedeur Sanders","CLE",718,728,32,36.42,318.03,16.5176466
"731","QB","Drew Lock","SEA",742,722,32,63.43,NA,3.157938
"732","QB","Mac Jones","SFO",719,725,32,50.88,NA,0.800603999999999
"733","QB","Davis Mills","HOU",735,726,32,59.22,NA,5.9956344
"734","QB","Kenny Pickett","CLE",726,732,32,41.53,344.38,9.162468
"735","QB","Tyrod Taylor","NYJ",724,729,32,43.18,363.22,3.6827784
"736","QB","Jimmy Garoppolo","LAR",737,731,33,40.34,342.64,11.742192
"737","QB","Taylor Heinicke","LAC",758,730,33,64,NA,20.0551302
"738","QB","Nick Mullens","JAC",739,727,33,58.56,NA,2.5589676
"739","QB","Mitchell Trubisky","BUF",732,734,33,60.92,NA,6.864438
"740","QB","Jarrett Stidham","DEN",731,733,33,60.6,NA,5.1475872
"741","QB","Tyson Bagent","CHI",734,735,33,60.73,352.5,6.0223212
"742","QB","Joshua Dobbs","NEP",729,737,33,58.58,NA,3.0156084
"743","QB","Malik Willis","GBP",725,740,33,46.74,362.38,4.15128
"744","QB","Andy Dalton","CAR",743,736,33,56.5,NA,2.3899512
"745","QB","Zach Wilson","MIA",722,742,33,48.94,339.6,2.1171528
"746","QB","Joe Milton","DAL",727,743,33,44.89,365.91,2.8955178
"747","QB","Josh Johnson","WAS",750,738,34,80,NA,7.383348
"748","QB","Hendon Hooker","DET",733,744,34,61.82,NA,3.0660168
"749","QB","Skylar Thompson","PIT",723,749,34,89.5,NA,NA
"750","QB","Mason Rudolph","PIT",767,739,34,47.42,352.08,8.0920308
"751","QB","Jameis Winston","NYG",761,741,34,42.86,346.14,3.083808
"752","QB","Quinn Ewers","MIA",741,748,34,61.5,342,2.1660786
"753","QB","Cooper Rush","BAL",738,745,34,49.83,361.5,0.0830255999999988
"754","QB","Case Keenum","CHI",746,746,34,76.25,NA,3.1609032
"755","QB","Easton Stick","ATL",740,757,34,84.33,NA,NA
"756","QB","Kyle Trask","TBB",744,755,34,64.45,NA,0.7902258
"757","QB","Cam Miller","LVR",751,750,34,72.67,NA,3.565653
"758","QB","Graham Mertz","HOU",752,751,34,75.5,NA,3.543414
"759","QB","Kyle McCord","PHI",753,752,34,79.8,NA,3.528588
"760","QB","Will Howard","PIT",754,753,34,61.56,324.33,3.469284
"761","QB","Jake Haener","NOS",755,754,34,66.63,288.5,3.239481
"762","QB","Tanner McKee","PHI",765,747,35,56.13,NA,4.0148808
"763","QB","Dorian Thompson-Robinson","PHI",748,758,35,81,NA,NA
"764","QB","Stetson Bennett","LAR",749,759,35,79,NA,NA
"765","QB","Brandon Allen","TEN",762,756,35,70.8,NA,2.0815704
"766","QB","Bailey Zappe","KCC",756,761,35,78.8,NA,NA
"767","QB","Jeff Driskel","FA",757,762,35,NA,NA,NA
"768","QB","C.J. Beathard","FA",759,763,35,NA,NA,NA
"769","QB","Sean Clifford","GBP",760,764,35,92,NA,NA
"770","QB","Sam Hartman","WAS",760,764,35,NA,NA,NA
"771","QB","Clayton Tune","ARI",766,760,35,78,NA,3.528588
"772","QB","Tyler Huntley","CLE",763,765,36,NA,NA,1.163841
"773","QB","John Wolford","JAC",764,766,36,78.5,NA,NA
