"","first_name","last_name","team","floor_rank","ceiling_rank","tier","pos_ecr","overall_ecr","sd_pts"
"1","Malik","Nabers","NYG",39,19,3,6.21,10.79,33.921888
"2","Davante","Adams","LAR",34,30,4,16.34,35.27,9.547944
"3","A.J.","Brown","PHI",25,32,4,8.83,17,7.78365
"4","Mike","Evans","TBB",32,36,4,14.08,29.3,0.444779999999975
"5","Amari","Cooper","FA",24,44,5,95.96,259.89,NA
"6","DK","Metcalf","PIT",40,46,6,21.78,46.69,7.53160799999998
"7","D.J.","Moore","CHI",49,49,6,22.93,48.95,20.845356
"8","Marvin","Harrison Jr.","ARI",42,66,7,18.63,39.99,2.37215999999999
"9","Tee","Higgins","CIN",125,38,7,13.39,27.98,29.815086
"10","DeVonta","Smith","PHI",55,61,7,26.71,58.01,18.5325
"11","George","Pickens","DAL",56,51,7,25.9,57.29,2.84659199999998
"12","Zay","Flowers","BAL",48,74,7,26.59,57.22,1.45294800000003
"13","Ladd","McConkey","LAC",168,45,7,11.95,23.88,15.878646
"14","Terry","McLaurin","WAS",58,79,7,19.72,42.51,3.48411000000003
"15","Deebo","Samuel","WAS",66,41,8,37.73,88.86,1.527078
"16","Jameson","Williams","DET",63,87,8,22.49,48.3,10.659894
"17","Garrett","Wilson","NYJ",61,94,8,18.44,39.81,9.13281600000004
"18","Jaxon","Smith-Njigba","SEA",113,77,8,15.6,33.4,6.03418200000003
"19","Calvin","Ridley","TEN",57,117,8,25.98,56.84,2.46111599999999
"20","Xavier","Worthy","KCC",192,47,8,25.06,54.33,38.503122
"21","Jakobi","Meyers","LVR",70,111,8,41.45,99.36,9.93341999999998
"22","Courtland","Sutton","DEN",78,106,9,22.97,49.1,5.76731400000002
"23","Jaylen","Waddle","MIA",80,71,9,29.6,66.77,11.504976
"24","Jayden","Reed","GBP",86,108,9,39.76,94.47,18.428718
"25","Stefon","Diggs","NEP",99,59,9,42.31,101.7,4.89258000000002
"26","Jordan","Addison","MIN",90,118,9,38.63,91.1,18.324936
"27","Cooper","Kupp","SEA",108,62,10,48.36,120.34,5.29288200000001
"28","Keon","Coleman","BUF",88,103,10,48.44,120.31,0.0741300000000168
"29","Michael","Pittman","IND",103,139,10,50.14,126.19,10.97124
"30","Chris","Olave","NOS",135,65,10,35.99,84.06,25.115244
"31","Tetairoa","McMillan","CAR",81,161,10,26.75,59,6.93856799999999
"32","Travis","Hunter","JAC",77,180,10,33.07,74.74,0.526322999999995
"33","Matthew","Golden","GBP",85,174,10,42.62,102.4,4.21058399999999
"34","Chris","Godwin","TBB",110,148,10,46.2,114.31,11.727366
"35","Rashee","Rice","KCC",97,171,10,34.49,80.23,2.28320400000001
"36","Jerry","Jeudy","CLE",231,140,11,36.6,85.25,1.438122
"37","Emeka","Egbuka","TBB",114,183,11,39.49,94.5,9.02162100000001
"38","Keenan","Allen","LAC",181,90,11,63.36,159.41,20.53401
"39","Christian","Kirk","HOU",189,130,11,55.44,143.11,32.127942
"40","Rashid","Shaheed","NOS",138,201,11,52.42,132.1,3.06898200000001
"41","Brandon","Aiyuk","SFO",222,57,12,52.23,132.09,19.021758
"42","Khalil","Shakir","BUF",148,225,12,45.86,112.6,2.683506
"43","Rome","Odunze","CHI",218,193,12,34.85,80.24,10.037202
"44","Adam","Thielen","CAR",186,223,12,67.74,182.02,7.56126000000001
"45","Romeo","Doubs","GBP",212,197,12,62.39,164.92,23.27682
"46","Jauan","Jennings","SFO",282,186,12,40.6,97.08,5.41149000000001
"47","Christian","Watson","GBP",305,80,12,102.67,282.86,67.962384
"48","Josh","Downs","IND",225,196,12,48.18,120.15,24.477726
"49","Rashod","Bateman","BAL",250,169,12,55.4,142.13,37.95456
"50","Ricky","Pearsall","SFO",416,143,13,35.44,82.24,28.080444
"51","Marvin","Mims","DEN",190,235,13,56.93,147.44,10.67472
"52","Quentin","Johnston","LAC",242,210,13,66.99,180.64,20.90466
"53","Darnell","Mooney","ATL",343,173,13,49.92,124.91,24.700116
"54","Diontae","Johnson","CLE",289,150,13,92.2,255.82,59.563455
"55","Demario","Douglas","NEP",221,260,13,68.01,184.85,4.00302
"56","Marquise","Brown","KCC",214,261,13,64.02,170.08,6.997872
"57","DeAndre","Hopkins","BAL",260,179,14,70.95,192.7,28.154574
"58","Joshua","Palmer","BUF",224,253,14,66.07,177.38,8.36186400000002
"59","Wan'Dale","Robinson","NYG",219,259,14,70.53,191.21,7.72434600000001
"60","Jayden","Higgins","HOU",217,273,14,59.25,154.74,5.61905399999999
"61","Calvin","Austin III","PIT",238,234,14,83.69,232.37,6.68652600000001
"62","Michael","Wilson","ARI",232,263,14,77.58,214.62,11.994234
"63","Alec","Pierce","IND",262,212,14,72.11,196.45,14.277438
"64","Xavier","Legette","CAR",266,268,14,70.22,191.29,6.834786
"65","Brandin","Cooks","NOS",290,205,14,95.36,267.76,24.210858
"66","Tyler","Lockett","TEN",236,272,15,86.99,242.63,7.04235
"67","Luther","Burden","CHI",227,297,15,59.05,153.4,2.46852900000001
"68","Jack","Bech","LVR",253,299,15,80.37,221.58,10.608003
"69","Gabriel","Davis","FA",240,316,15,111.47,297.66,NA
"70","Cedric","Tillman","CLE",458,265,15,60.3,158.42,10.60059
"71","Dontayvion","Wicks","GBP",308,295,15,82.14,227.95,8.30256000000001
"72","Jalen","Tolbert","DAL",276,269,16,93.05,260.53,7.24991399999999
"73","Andrei","Iosivas","CIN",278,309,16,82.15,227.57,4.74432
"74","Tyler","Boyd","FA",248,327,16,NA,NA,NA
"75","Tre","Harris","LAC",258,318,16,66.61,176.34,5.196513
"76","Darius","Slayton","NYG",268,312,16,79.24,220.24,1.88290199999999
"77","Kyle","Williams","NEP",274,319,16,65.89,174.77,8.465646
"78","Tutu","Atwell","LAR",265,322,16,98.42,273.82,0.53373600000002
"79","Tory","Horton","SEA",307,302,16,93.51,257.92,19.748232
"80","Jalen","Nailor","MIN",288,289,16,99.13,277.54,4.12162799999999
"81","Nelson","Agholor","FA",261,346,16,163.5,NA,NA
"82","Nick","Westbrook-Ikhine","MIA",311,305,16,94.43,264.58,17.020248
"83","Tre","Tucker","LVR",298,282,16,96.19,270.49,0.978516000000016
"84","Tank","Dell","HOU",590,182,16,123.1,317.44,92.36598
"85","Curtis","Samuel","BUF",340,320,16,121.26,335.62,4.59606000000001
"86","Jalen","Coker","CAR",310,325,17,75.84,208.34,13.424943
"87","Josh","Reynolds","NYJ",292,347,17,101.49,282.92,5.1891
"88","Noah","Brown","WAS",318,352,17,104.97,289.58,3.7065
"89","Demarcus","Robinson","SFO",424,300,17,110.59,304.95,30.83808
"90","Dyami","Brown","JAC",319,349,17,89.06,248.52,1.18608000000001
"91","Ray-Ray","McCloud","ATL",500,315,17,100.54,279.43,12.112842
"92","Greg","Dortch","ARI",360,363,17,124.69,346.39,8.1543
"93","Jordan","Whittington","LAR",306,395,18,108.8,302.47,NA
"94","Brandon","Johnson","PIT",322,420,18,186.75,NA,NA
"95","Pat","Bryant","DEN",329,424,18,83.75,230.32,NA
"96","Jalen","McMillan","TBB",410,396,18,78.33,206.18,1.33434
"97","Dont'e","Thornton","LVR",334,427,18,85.17,232.5,NA
"98","Odell","Beckham","FA",337,431,18,NA,NA,NA
"99","Allen","Lazard","NYJ",427,342,18,115.89,319.4,14.662914
"100","Marquez","Valdes-Scantling","SEA",527,335,18,111.24,309.62,23.05443
"101","Elic","Ayomanor","TEN",345,439,18,85.53,235.38,NA
"102","K.J.","Osborn","WAS",349,440,18,158.22,346.67,0.630105000000001
"103","Kalif","Raymond","DET",480,356,18,142.55,343,31.045644
"104","Roman","Wilson","PIT",389,437,18,90.38,252.09,5.908161
"105","Jaylin","Noel","HOU",357,454,19,83.42,230.02,NA
"106","Anthony","Miller","BAL",367,459,19,NA,NA,NA
"107","Elijah","Moore","BUF",486,366,19,98.05,274.17,29.459262
"108","Olamide","Zaccheaus","CHI",519,336,19,118.41,313.09,41.764842
"109","Kayshon","Boutte","NEP",606,368,19,95.01,265.35,13.980918
"110","Jalin","Hyatt","NYG",487,375,19,135.62,358.27,28.02114
"111","KaVontae","Turpin","DAL",418,444,19,99.56,277.31,8.784405
"112","Mike","Williams","FA",393,473,19,NA,NA,NA
"113","Adonai","Mitchell","IND",544,419,19,80.79,223.71,1.601208
"114","Kendrick","Bourne","NEP",473,418,19,138.17,366.25,20.104056
"115","A.T.","Perry","DEN",464,425,19,177.75,NA,18.124785
"116","Skyy","Moore","SFO",466,428,19,163.4,NA,17.427963
"117","Robert","Woods","PIT",482,430,19,128.3,321.07,18.695586
"118","D.J.","Chark","FA",415,491,19,138.33,NA,NA
"119","Parker","Washington","JAC",419,493,19,107.63,301.06,NA
"120","Tai","Felton","MIN",426,495,19,116.71,317.88,NA
"121","Chimere","Dike","TEN",437,498,20,120.39,332.88,NA
"122","Zay","Jones","ARI",479,463,20,125.74,338.09,12.980163
"123","Jahan","Dotson","PHI",496,448,20,124.54,343.75,19.266387
"124","Van","Jefferson","TEN",474,477,20,124.26,329.17,10.704372
"125","Terrace","Marshall","PHI",451,499,20,183,NA,NA
"126","Isaiah","Hodgins","SFO",453,500,20,NA,NA,NA
"127","Treylon","Burks","TEN",456,501,20,NA,NA,NA
"128","Tyquan","Thornton","KCC",586,384,20,141.82,374.6,39.073923
"129","Justin","Watson","HOU",569,408,20,173.6,NA,35.864094
"130","Troy","Franklin","DEN",588,417,20,99.36,276.58,35.493444
"131","Ronnie","Bell","DET",461,506,20,189,NA,NA
"132","Cedrick","Wilson","NOS",552,453,20,162.13,321,26.664561
"133","Brandon","Powell","FA",469,512,20,NA,NA,NA
"134","KhaDarel","Hodge","ATL",491,505,20,137.29,364.25,5.515272
"135","JuJu","Smith-Schuster","KCC",511,497,20,132.47,350.82,14.062461
"136","Jonathan","Mingo","DAL",598,457,21,141.3,367.8,29.318415
"137","Jermaine","Burton","CIN",514,504,21,108.36,300.06,11.408607
"138","Trey","Palmer","TBB",534,503,21,181.2,NA,13.914201
"139","Trenton","Irwin","JAC",678,455,21,202,NA,34.0998
"140","Tim","Patrick","DET",570,496,21,103.59,290.29,21.164115
"141","Jalen","Royals","KCC",494,522,21,89.48,245.06,NA
"142","Isaac","TeSlaa","DET",499,524,21,93.84,256.03,NA
"143","Xavier","Gipson","NYJ",616,488,21,163.6,NA,26.405106
"144","Luke","McCaffrey","WAS",529,511,21,109.55,302.7,10.341135
"145","Malik","Washington","MIA",629,487,21,100.8,282.08,27.265014
"146","Donovan","Peoples-Jones","FA",501,528,21,166,NA,NA
"147","Russell","Gage","SFO",501,528,21,172.6,NA,NA
"148","Tyler","Johnson","NYJ",597,502,21,140.11,328.2,19.933557
"149","Jake","Bobo","SEA",507,527,21,146.47,367.2,1.445535
"150","Casey","Washington","ATL",503,529,21,162.43,333,NA
"151","Devaughn","Vele","NOS",681,494,21,92.5,259.05,27.717207
"152","Michael","Gallup","WAS",506,531,21,155.73,304,NA
"153","Jaylin","Lane","WAS",508,532,21,114.8,309.56,NA
"154","Arian","Smith","NYJ",513,535,21,135.2,357.42,NA
"155","Velus","Jones","NOS",516,536,21,159.5,NA,NA
"156","Savion","Williams","GBP",517,537,21,120.06,320.1,NA
"157","David","Bell","CLE",602,513,21,183.17,NA,16.90164
"158","Jha'Quan","Jackson","TEN",520,539,21,189.5,NA,NA
"159","Tylan","Wallace","BAL",538,530,21,166.25,368,3.965955
"160","Erik","Ezukanma","MIA",523,544,21,178.75,NA,NA
"161","Jamari","Thrash","CLE",524,545,21,139.24,332.11,NA
"162","Xavier","Restrepo","TEN",525,546,22,109.72,295.3,NA
"163","Lil'Jordan","Humphrey","NYG",620,514,22,184,NA,17.19816
"164",NA,NA,NA,530,549,22,NA,NA,NA
"165","Mack","Hollins","NEP",533,548,22,118.68,328.63,0.252042
"166","River","Cracraft","WAS",532,550,22,207,NA,NA
"167","Chris","Blair","ATL",536,554,22,168,NA,NA
"168","Byron","Pringle","FA",539,558,22,NA,NA,NA
"169","Chris","Conley","FA",542,559,22,NA,NA,NA
"170","Jamal","Agnew","ATL",560,542,22,NA,NA,5.092731
"171","Mecole","Hardman","GBP",647,521,22,167.2,NA,15.522822
"172","Allen","Robinson","FA",543,561,22,NA,NA,NA
"173","Ja'Lynn","Polk","NEP",545,563,22,NA,NA,NA
"174","Braxton","Berrios","HOU",682,517,22,214.67,NA,17.93946
"175","Parris","Campbell","FA",550,564,22,NA,NA,NA
"176","Chris","Moore","WAS",685,519,22,NA,NA,17.331594
"177","Kyle","Philips","FA",551,565,22,NA,NA,NA
"178","Sterling","Shepard","TBB",555,562,22,172.14,NA,1.452948
"179","Xavier","Hutchinson","HOU",572,555,22,142.6,328.4,3.884412
"180","Jalen","Brooks","DAL",617,533,22,167.8,NA,10.348548
"181","KeAndre","Lambert-Smith","LAC",556,571,22,112.28,297.47,NA
"182","Hunter","Renfrow","CAR",557,572,22,134,326.29,NA
"183","Dante","Pettis","NOS",600,552,22,NA,NA,6.293637
"184","Bo","Melton","GBP",561,574,22,193.25,NA,NA
"185","Malik","Heath","GBP",581,570,22,180.33,NA,1.986684
"186","Devontez","Walker","BAL",564,575,22,138.95,351.67,NA
"187","Quez","Watkins","FA",566,576,22,NA,NA,NA
"188","Johnny","Wilson","PHI",568,578,22,NA,NA,NA
"189","Isaiah","Williams","CIN",665,540,22,NA,NA,11.504976
"190","DJ","Turner","FA",571,580,22,NA,NA,NA
"191","Irvin","Charles","NYJ",573,583,22,NA,NA,NA
"192","Malachi","Corley","NYJ",694,534,22,147.53,334.4,13.906788
"193","Tyler","Scott","CHI",646,556,22,221,NA,8.539776
"194","Deonte","Harty","FA",579,586,22,NA,NA,NA
"195","Samori","Toure","CHI",580,587,22,NA,NA,NA
"196","Tommy","Mellott","LVR",582,590,22,60.33,NA,NA
"197","Tim","Jones","MIN",607,573,22,169.25,NA,3.647196
"198","Xavier","Weaver","ARI",583,592,22,207,NA,NA
"199","Steven","Sims","SEA",674,553,22,225.5,NA,9.78516
"200","Jamison","Crowder","FA",589,595,22,NA,NA,NA
"201","Tom","Kennedy","DET",591,596,22,201.33,NA,NA
"202","Ben","Skowronek","PIT",604,581,22,176.2,NA,2.461116
"203","DeAndre","Carter","CLE",669,560,22,166.2,301.5,8.947491
"204","Derius","Davis","LAC",608,585,22,163.25,381,2.327682
"205","John","Metchie","PHI",601,589,22,119.64,317.69,1.682751
"206","Charlie","Jones","CIN",619,579,22,162,NA,3.832521
"207","David","Moore","CAR",609,594,22,166.71,377.5,1.957032
"208","Scotty","Miller","PIT",637,582,23,159.2,NA,4.418148
"209","Marquise","Goodwin","FA",603,601,23,NA,NA,NA
"210","Simi","Fehoko","ARI",692,566,23,168.4,NA,9.392271
"211","Trent","Sherfield","DEN",670,577,23,174,NA,6.011943
"212","Maurice","Alexander","CHI",651,591,23,NA,NA,4.106802
"213","Tez","Johnson","TBB",613,605,23,116.55,306.24,NA
"214","Kendric","Pryor","CIN",614,606,23,NA,NA,NA
"215","Jordan","Watkins","SFO",615,607,23,137.96,345.7,NA
"216","Ashton","Dulin","IND",673,597,23,156.5,NA,4.581234
"217","Austin","Trammell","JAC",623,612,23,174,NA,NA
"218","Dax","Milne","FA",625,613,23,NA,NA,NA
"219","Bryce","Oliver","TEN",626,614,23,NA,NA,NA
"220","Cody","White","SEA",628,615,23,NA,NA,NA
"221",NA,NA,NA,630,616,23,NA,NA,NA
"222","Devin","Duvernay","CHI",660,604,23,197,NA,2.134944
"223","Brycen","Tremayne","CAR",640,621,23,199.5,NA,NA
"224","Ihmir","Smith-Marsette","NYG",695,598,23,185.33,NA,6.22692
"225","Kristian","Wilkerson","BUF",642,623,23,NA,NA,NA
"226","Rakim","Jarrett","TBB",644,624,23,193.67,NA,NA
"227","Ainias","Smith","PHI",645,625,23,174.4,NA,NA
"228","Bryce","Ford-Wheaton","NYG",648,627,23,NA,NA,NA
"229","Britain","Covey","LAR",664,620,23,NA,NA,1.089711
"230","Ryan","Flournoy","DAL",654,628,23,192,NA,0.252042
"231","Elijah","Cooks","PHI",653,629,23,209,NA,NA
"232","Laviska","Shenault","BUF",680,617,23,202,NA,1.816185
"233","Trishton","Jackson","ARI",687,609,23,NA,NA,3.165351
"234","Deven","Thompkins","FA",656,630,23,NA,NA,NA
"235","Isaiah","McKenzie","FA",658,632,23,NA,NA,NA
"236","Nick","Nash","ATL",661,633,23,169.6,NA,NA
"237","Mitchell","Tinsley","CIN",662,634,23,119,NA,NA
"238","Rondale","Moore","MIN",666,635,23,NA,NA,NA
"239","Anthony","Gould","IND",668,636,23,186.75,NA,NA
"240","Jacob","Cowing","SFO",675,637,23,131.16,346.06,NA
"241","Kameron","Johnson","TBB",676,638,23,NA,NA,NA
"242","Dareke","Young","SEA",697,618,23,241,NA,3.387741
"243","Kevin","Austin","NOS",683,639,23,196,NA,NA
"244","Dee","Eskridge","MIA",699,626,23,198.2,NA,3.224655
"245","Michael","Woods","FA",684,640,23,172,NA,NA
"246","Zach","Pascal","NYG",686,641,23,206.25,NA,NA
"247","Isaiah","Neyor","GBP",686,641,23,NA,NA,NA
"248","Jimmy","Horn","CAR",688,644,23,135.38,344.2,NA
"249","Dez","Fitzpatrick","LAC",689,645,23,NA,NA,NA
"250","Bub","Means","NOS",690,646,23,155,291,NA
"251","Javon","Baker","NEP",691,648,23,152.29,301,NA
"252",NA,NA,NA,691,648,23,NA,NA,NA
"253","LaJohntay","Wester","BAL",693,650,23,174,NA,NA
"254","Nikko","Remigio","KCC",696,653,23,219,NA,NA
"255","Danny","Gray","FA",698,654,23,NA,NA,NA
"256","Brenden","Rice","LAC",700,656,23,NA,NA,NA
"257","Ramel","Keyton","FA",701,657,23,NA,NA,NA
"258","Andy","Isabella","FA",702,659,23,NA,NA,NA
"259","Jalen","Cropper","DAL",702,659,23,NA,NA,NA
